title,media,date,link
How Birds Can Down a Jet Airplane,LiveScience.com,15.01.2009,https://www.livescience.com/3239-birds-jet-airplane.html
Birds Pose Persistent Hazard to Planes,,15.01.2009,https://www.nytimes.com/2009/01/16/nyregion/16strike.html
Birds Hit Planes Every Day  but Don't Usually Cause Crashes,,Ausführlich · 15.01.2009,https://abcnews.go.com/US/story?id=6658028&page=1
Improved airplane safety pays off  with lives,Denver Post,17.01.2009,https://www.denverpost.com/2009/01/17/improved-airplane-safety-pays-off-with-lives/
Screens Not the Answer to Keep Birds Out of Jet Engines,New York Times,21.01.2009,https://www.nytimes.com/2009/01/22/nyregion/22engines.html
Airplane crash-lands into Hudson River; all aboard reported safe,CNN,15.01.2009,https://www.cnn.com/2009/US/01/15/new.york.plane.crash/
Learning from Flight 1549: How to Land on Water - TIME,TIME,17.01.2009,http://content.time.com/time/nation/article/0 8599 1872195 00.html
Planes Designed To Survive Water Landings,CBS News,16.01.2009,https://www.cbsnews.com/news/planes-designed-to-survive-water-landings/
Air Security Could Involve Private Jets,New York Times,05.01.2009,https://www.nytimes.com/2009/01/06/business/06private.html
Musician who helped take down suspect recounts airplane ...,Los Angeles Times,07.01.2009,https://latimesblogs.latimes.com/lanow/2009/01/more-details-ar.html
How Birds Can Down a Jet Airplane,LiveScience.com,15.01.2009,https://www.livescience.com/3239-birds-jet-airplane.html
Birds Pose Persistent Hazard to Planes,,15.01.2009,https://www.nytimes.com/2009/01/16/nyregion/16strike.html
Birds Hit Planes Every Day  but Don't Usually Cause Crashes,,Ausführlich · 15.01.2009,https://abcnews.go.com/US/story?id=6658028&page=1
Improved airplane safety pays off  with lives,Denver Post,17.01.2009,https://www.denverpost.com/2009/01/17/improved-airplane-safety-pays-off-with-lives/
Screens Not the Answer to Keep Birds Out of Jet Engines,New York Times,21.01.2009,https://www.nytimes.com/2009/01/22/nyregion/22engines.html
Airplane crash-lands into Hudson River; all aboard reported safe,CNN,15.01.2009,https://www.cnn.com/2009/US/01/15/new.york.plane.crash/
Learning from Flight 1549: How to Land on Water - TIME,TIME,17.01.2009,http://content.time.com/time/nation/article/0 8599 1872195 00.html
Planes Designed To Survive Water Landings,CBS News,16.01.2009,https://www.cbsnews.com/news/planes-designed-to-survive-water-landings/
Air Security Could Involve Private Jets,New York Times,05.01.2009,https://www.nytimes.com/2009/01/06/business/06private.html
Musician who helped take down suspect recounts airplane ...,Los Angeles Times,07.01.2009,https://latimesblogs.latimes.com/lanow/2009/01/more-details-ar.html
Sprachkritik: Notleidende Banken ist Unwort des Jahres,Spiegel Online,20.01.2009,https://www.spiegel.de/kultur/gesellschaft/sprachkritik-notleidende-banken-ist-unwort-des-jahres-a-602242.html
Happy birthday Heiner Müller,The Local - Hamburg,09.01.2009,https://www.thelocal.de/20090109/16655
Failing integration not about ethnicity  Turkish group says,The Local - Hamburg,26.01.2009,https://www.thelocal.de/20090126/17011
„Als Chirurg muss man eben saufen“,Frankfurter Allgemeine Zeitung,09.01.2009,https://www.faz.net/aktuell/gesellschaft/gesundheit/burnout-am-op-tisch-als-chirurg-muss-man-eben-saufen-1751063.html
Baby ape takes flight -- monkey business class - CNN.com,CNN,23.01.2009,http://edition.cnn.com/2009/TRAVEL/01/23/uk.ape.flight/
Baby monkey given own seat on plane with human ...,Daily Mail,22.01.2009,https://www.dailymail.co.uk/news/article-1126657/Baby-monkey-given-seat-plane-human-passengers-flies-Germany-meet-new-mother.html
Neue Anne-Sophie Mutter?: Was Julia Fischer von ihrem Idol unterscheidet,WELT ONLINE,21.01.2009,https://www.welt.de/kultur/buehne-konzert/article3053872/Was-Julia-Fischer-von-ihrem-Idol-unterscheidet.html
Nachruf: Otto Prokop: Wissenschaftler zwischen den Fronten,Tagesspiegel,26.01.2009,https://www.tagesspiegel.de/wissen/nachruf-otto-prokop-wissenschaftler-zwischen-den-fronten/1428160.html
Wroclaw airport's five-fold traffic growth in five years; LOT and ...,anna.aero - Airline network news & analysis,23.01.2009,https://www.anna.aero/2009/01/23/wroclaw-airports-five-fold-traffic-growth-in-five-years-lot-and-ryanair-are-leading-carriers/
Merckle family may sell Phoenix  Heidelberg stakes,,23.01.2009,https://economictimes.indiatimes.com/news/international/merckle-family-may-sell-phoenix-heidelberg-stakes/articleshow/4019389.cms
Sprachkritik: Notleidende Banken ist Unwort des Jahres,Spiegel Online,20.01.2009,https://www.spiegel.de/kultur/gesellschaft/sprachkritik-notleidende-banken-ist-unwort-des-jahres-a-602242.html
Happy birthday Heiner Müller,The Local - Hamburg,09.01.2009,https://www.thelocal.de/20090109/16655
Failing integration not about ethnicity  Turkish group says,The Local - Hamburg,26.01.2009,https://www.thelocal.de/20090126/17011
„Als Chirurg muss man eben saufen“,Frankfurter Allgemeine Zeitung,09.01.2009,https://www.faz.net/aktuell/gesellschaft/gesundheit/burnout-am-op-tisch-als-chirurg-muss-man-eben-saufen-1751063.html
Baby ape takes flight -- monkey business class - CNN.com,CNN,23.01.2009,http://edition.cnn.com/2009/TRAVEL/01/23/uk.ape.flight/
Baby monkey given own seat on plane with human ...,Daily Mail,22.01.2009,https://www.dailymail.co.uk/news/article-1126657/Baby-monkey-given-seat-plane-human-passengers-flies-Germany-meet-new-mother.html
Neue Anne-Sophie Mutter?: Was Julia Fischer von ihrem Idol unterscheidet,WELT ONLINE,21.01.2009,https://www.welt.de/kultur/buehne-konzert/article3053872/Was-Julia-Fischer-von-ihrem-Idol-unterscheidet.html
Nachruf: Otto Prokop: Wissenschaftler zwischen den Fronten,Tagesspiegel,26.01.2009,https://www.tagesspiegel.de/wissen/nachruf-otto-prokop-wissenschaftler-zwischen-den-fronten/1428160.html
Wroclaw airport's five-fold traffic growth in five years; LOT and ...,anna.aero - Airline network news & analysis,23.01.2009,https://www.anna.aero/2009/01/23/wroclaw-airports-five-fold-traffic-growth-in-five-years-lot-and-ryanair-are-leading-carriers/
Merckle family may sell Phoenix  Heidelberg stakes,,23.01.2009,https://economictimes.indiatimes.com/news/international/merckle-family-may-sell-phoenix-heidelberg-stakes/articleshow/4019389.cms
In 2009  Layoffs Is the Business to Be In,New York Times,20.01.2009,https://www.nytimes.com/2009/01/21/business/21layoffs.html
2 US Companies Stand to Benefit From Satyam Scandal,New York Times,08.01.2009,https://www.nytimes.com/2009/01/09/business/09react.html
Shriti Vadera: A profile of the Business Minister nicknamed ...,Telegraph.co.uk,15.01.2009,https://www.telegraph.co.uk/finance/financialcrisis/4244276/Shriti-Vadera-A-profile-of-the-Business-Minister-nicknamed-Shriti-the-Shriek.html
Dell creates global business sales operations to better serve customers,ComputerWeekly.com,05.01.2009,https://www.computerweekly.com/news/2240087916/Dell-creates-global-business-sales-operations-to-better-serve-customers
Sunshine Mortgage shuts down  looks to sell - Atlanta ...,,08.01.2009,https://www.bizjournals.com/atlanta/stories/2009/01/05/daily89.html
Companies question Better Business Bureau's new grading ...,Springfield Business Journal,19.01.2009,https://sbj.net/stories/companies-question-better-business-bureaus-new-grading-system 26966
Blue Shield names Paul Markovich COO  reshuffles top ...,East Bay Business Times,09.01.2009,https://www.bizjournals.com/sanfrancisco/stories/2009/01/05/daily81.html
RL Stowe Mills to close - Charlotte Business Journal,Bizjournals.com,06.01.2009,https://www.bizjournals.com/charlotte/stories/2009/01/05/daily14.html
Behind the Scenes: Going Out of Business,,14.01.2009,https://abcnews.go.com/Business/Economy/story?id=6648761&page=1
Danka Business Systems tries again to liquidate - Tampa Bay ...,Bizjournals.com,21.01.2009,https://www.bizjournals.com/tampabay/stories/2009/01/19/daily25.html
In 2009  Layoffs Is the Business to Be In,New York Times,20.01.2009,https://www.nytimes.com/2009/01/21/business/21layoffs.html
2 US Companies Stand to Benefit From Satyam Scandal,New York Times,08.01.2009,https://www.nytimes.com/2009/01/09/business/09react.html
Shriti Vadera: A profile of the Business Minister nicknamed ...,Telegraph.co.uk,15.01.2009,https://www.telegraph.co.uk/finance/financialcrisis/4244276/Shriti-Vadera-A-profile-of-the-Business-Minister-nicknamed-Shriti-the-Shriek.html
Dell creates global business sales operations to better serve customers,ComputerWeekly.com,05.01.2009,https://www.computerweekly.com/news/2240087916/Dell-creates-global-business-sales-operations-to-better-serve-customers
Sunshine Mortgage shuts down  looks to sell - Atlanta ...,,08.01.2009,https://www.bizjournals.com/atlanta/stories/2009/01/05/daily89.html
Companies question Better Business Bureau's new grading ...,Springfield Business Journal,19.01.2009,https://sbj.net/stories/companies-question-better-business-bureaus-new-grading-system 26966
Blue Shield names Paul Markovich COO  reshuffles top ...,East Bay Business Times,09.01.2009,https://www.bizjournals.com/sanfrancisco/stories/2009/01/05/daily81.html
RL Stowe Mills to close - Charlotte Business Journal,Bizjournals.com,06.01.2009,https://www.bizjournals.com/charlotte/stories/2009/01/05/daily14.html
Behind the Scenes: Going Out of Business,,14.01.2009,https://abcnews.go.com/Business/Economy/story?id=6648761&page=1
Danka Business Systems tries again to liquidate - Tampa Bay ...,Bizjournals.com,21.01.2009,https://www.bizjournals.com/tampabay/stories/2009/01/19/daily25.html
GMAC and GM Alter Finance Agreement,,02.01.2009,https://www.nytimes.com/2009/01/03/business/03gmac.html
The money-go-round,Economist,22.01.2009,https://www.economist.com/finance-and-economics/2009/01/22/the-money-go-round
One-and-ten,Economist,29.01.2009,https://www.economist.com/finance-and-economics/2009/01/29/one-and-ten
(Nearly) nothing to fear but fear itself,Economist,29.01.2009,https://www.economist.com/finance-and-economics/2009/01/29/nearly-nothing-to-fear-but-fear-itself
The bonds of time,Economist,08.01.2009,https://www.economist.com/finance-and-economics/2009/01/08/the-bonds-of-time
Lords of finance,Economist,08.01.2009,https://www.economist.com/books-and-arts/2009/01/08/lords-of-finance
Looking good by doing good,Economist,15.01.2009,https://www.economist.com/finance-and-economics/2009/01/15/looking-good-by-doing-good
Liaquat Ahamed's 'Lords of Finance': Monetary Horror Story That Looks Like Today's,New York Times,14.01.2009,https://www.nytimes.com/2009/01/15/books/15masl.html
Cuffs on Satyam finance boss,Calcutta Telegraph,10.01.2009,https://www.telegraphindia.com/india/cuffs-on-satyam-finance-boss/cid/507277
The bonus racket,Economist,29.01.2009,https://www.economist.com/finance-and-economics/2009/01/29/the-bonus-racket
GMAC and GM Alter Finance Agreement,,02.01.2009,https://www.nytimes.com/2009/01/03/business/03gmac.html
The money-go-round,Economist,22.01.2009,https://www.economist.com/finance-and-economics/2009/01/22/the-money-go-round
One-and-ten,Economist,29.01.2009,https://www.economist.com/finance-and-economics/2009/01/29/one-and-ten
(Nearly) nothing to fear but fear itself,Economist,29.01.2009,https://www.economist.com/finance-and-economics/2009/01/29/nearly-nothing-to-fear-but-fear-itself
The bonds of time,Economist,08.01.2009,https://www.economist.com/finance-and-economics/2009/01/08/the-bonds-of-time
Lords of finance,Economist,08.01.2009,https://www.economist.com/books-and-arts/2009/01/08/lords-of-finance
Looking good by doing good,Economist,15.01.2009,https://www.economist.com/finance-and-economics/2009/01/15/looking-good-by-doing-good
Liaquat Ahamed's 'Lords of Finance': Monetary Horror Story That Looks Like Today's,New York Times,14.01.2009,https://www.nytimes.com/2009/01/15/books/15masl.html
Cuffs on Satyam finance boss,Calcutta Telegraph,10.01.2009,https://www.telegraphindia.com/india/cuffs-on-satyam-finance-boss/cid/507277
The bonus racket,Economist,29.01.2009,https://www.economist.com/finance-and-economics/2009/01/29/the-bonus-racket
Obama's Speech on the Economy,,08.01.2009,https://www.nytimes.com/2009/01/08/us/politics/08text-obama.html
The Economy Is Bad  but 1982 Was Worse,,20.01.2009,https://www.nytimes.com/2009/01/21/business/economy/21leonhardt.html
The Bush Economy - WSJ,Wall Street Journal,17.01.2009,https://www.wsj.com/articles/SB123215327787492291
$8 trillion bailout: Where Obama's stimulus plan fits in - Jan. 6  2009,CNN,06.01.2009,https://money.cnn.com/2009/01/06/news/economy/where_stimulus_fits_in/
Opinion | Volunteer to Save the Economy,,22.01.2009,https://www.nytimes.com/2009/01/23/opinion/23reed.html
It's the Economy  Girlfriend,New York Times,27.01.2009,https://www.nytimes.com/2009/01/28/nyregion/28daba.html
Backgrounder - The US Economic Stimulus Plan - NYTimes.com,,27.01.2009,http://www.nytimes.com/cfr/world/slot3_20090126.html?pagewanted=all&_r=0
China becomes third largest economy,Financial Times,14.01.2009,https://www.ft.com/content/8d9337be-e245-11dd-b1dd-0000779fd2ac
CBO projects record $1.2 trillion deficit - Jan. 7  2009,CNNMoney.com,07.01.2009,https://money.cnn.com/2009/01/07/news/economy/cbo_2009_budget_outlook/
The economy: Is Britain finished?,,23.01.2009,https://www.independent.co.uk/news/business/analysis-and-features/the-economy-is-britain-finished-1513415.html
Obama's Speech on the Economy,,08.01.2009,https://www.nytimes.com/2009/01/08/us/politics/08text-obama.html
The Economy Is Bad  but 1982 Was Worse,,20.01.2009,https://www.nytimes.com/2009/01/21/business/economy/21leonhardt.html
The Bush Economy - WSJ,Wall Street Journal,17.01.2009,https://www.wsj.com/articles/SB123215327787492291
$8 trillion bailout: Where Obama's stimulus plan fits in - Jan. 6  2009,CNN,06.01.2009,https://money.cnn.com/2009/01/06/news/economy/where_stimulus_fits_in/
Opinion | Volunteer to Save the Economy,,22.01.2009,https://www.nytimes.com/2009/01/23/opinion/23reed.html
It's the Economy  Girlfriend,New York Times,27.01.2009,https://www.nytimes.com/2009/01/28/nyregion/28daba.html
Backgrounder - The US Economic Stimulus Plan - NYTimes.com,,27.01.2009,http://www.nytimes.com/cfr/world/slot3_20090126.html?pagewanted=all&_r=0
China becomes third largest economy,Financial Times,14.01.2009,https://www.ft.com/content/8d9337be-e245-11dd-b1dd-0000779fd2ac
CBO projects record $1.2 trillion deficit - Jan. 7  2009,CNNMoney.com,07.01.2009,https://money.cnn.com/2009/01/07/news/economy/cbo_2009_budget_outlook/
The economy: Is Britain finished?,,23.01.2009,https://www.independent.co.uk/news/business/analysis-and-features/the-economy-is-britain-finished-1513415.html
Passenger: 'It seemed like it lasted an eternity',CNN,15.01.2009,http://www.cnn.com/2009/US/01/15/newyork.crash.passengers/index.html
NY divers  ferries plucked air passengers from river,Reuters,15.01.2009,https://www.reuters.com/article/us-crash-newyork-rescue/ny-divers-ferries-plucked-air-passengers-from-river-idUSTRE50F13A20090116
US Airways Jet Plane Crashes Into Hudson; Ferry Boats Rescue Passengers,Wall Street Journal Blogs,Blog · 16.01.2009,https://www.wsj.com/articles/SB123205240502786899
'Safest' seat remarks get Muslim family kicked off plane,CNN,01.01.2009,https://www.cnn.com/2009/US/01/01/family.grounded/
Lessons From Flight 1549,New York Times,20.01.2009,https://www.nytimes.com/2009/01/20/travel/20prac.html
E-Mail Note: 'I Landed in the Hudson',,15.01.2009,https://www.nytimes.com/2009/01/16/nyregion/16passengers.html
More Britons than Americans died on Titanic 'because they queued',,21.01.2009,https://www.independent.co.uk/news/world/australasia/more-britons-than-americans-died-on-titanic-because-they-queued-1452299.html
Passengers Behaving Badly on P&O's Ventura,,12.01.2009,https://www.cruisecritic.co.uk/news/news.cfm?ID=3011
Drop in passenger numbers travelling through British airports,Telegraph.co.uk,14.01.2009,https://www.telegraph.co.uk/travel/travelnews/4238086/Drop-in-passenger-numbers-travelling-through-British-airports.html
Lorry hanging from ferry leaves passengers stranded,Telegraph.co.uk,29.01.2009,https://www.telegraph.co.uk/news/uknews/4386693/Lorry-hanging-from-ferry-leaves-passengers-stranded.html
Passenger: 'It seemed like it lasted an eternity',CNN,15.01.2009,http://www.cnn.com/2009/US/01/15/newyork.crash.passengers/index.html
NY divers  ferries plucked air passengers from river,Reuters,15.01.2009,https://www.reuters.com/article/us-crash-newyork-rescue/ny-divers-ferries-plucked-air-passengers-from-river-idUSTRE50F13A20090116
US Airways Jet Plane Crashes Into Hudson; Ferry Boats Rescue Passengers,Wall Street Journal Blogs,Blog · 16.01.2009,https://www.wsj.com/articles/SB123205240502786899
'Safest' seat remarks get Muslim family kicked off plane,CNN,01.01.2009,https://www.cnn.com/2009/US/01/01/family.grounded/
Lessons From Flight 1549,New York Times,20.01.2009,https://www.nytimes.com/2009/01/20/travel/20prac.html
E-Mail Note: 'I Landed in the Hudson',,15.01.2009,https://www.nytimes.com/2009/01/16/nyregion/16passengers.html
More Britons than Americans died on Titanic 'because they queued',,21.01.2009,https://www.independent.co.uk/news/world/australasia/more-britons-than-americans-died-on-titanic-because-they-queued-1452299.html
Passengers Behaving Badly on P&O's Ventura,,12.01.2009,https://www.cruisecritic.co.uk/news/news.cfm?ID=3011
Drop in passenger numbers travelling through British airports,Telegraph.co.uk,14.01.2009,https://www.telegraph.co.uk/travel/travelnews/4238086/Drop-in-passenger-numbers-travelling-through-British-airports.html
Lorry hanging from ferry leaves passengers stranded,Telegraph.co.uk,29.01.2009,https://www.telegraph.co.uk/news/uknews/4386693/Lorry-hanging-from-ferry-leaves-passengers-stranded.html
Heathrow chaos as runway activists stage airport 'flash mob ...,Daily Mail,17.01.2009,https://www.dailymail.co.uk/news/article-1120604/Heathrow-chaos-runway-activists-stage-airport-flash-mob-protest.html
Iraqi Gets $240000 Settlement in T-Shirt Incident at U.S. Airport,New York Times,07.01.2009,https://www.nytimes.com/2009/01/08/us/08arabic.html
Johnny Knoxville held over 'fake grenade' at Los Angeles airport,Telegraph.co.uk,16.01.2009,https://www.telegraph.co.uk/news/celebritynews/4251109/Johnny-Knoxville-held-over-fake-grenade-at-Los-Angeles-airport.html
Airbus A380 is a mixed blessing for LAX,Los Angeles Times,25.01.2009,https://www.latimes.com/archives/la-xpm-2009-jan-25-me-airbus25-story.html
Both Engines Missing From Airliner,New York Times,16.01.2009,https://www.nytimes.com/2009/01/17/nyregion/17inquire.html
Commercial operations to close at Palmdale Regional Airport,Los Angeles Times,27.01.2009,https://www.latimes.com/archives/la-xpm-2009-jan-27-me-palmdale27-story.html
Bird strikes common risk for aircraft › News in Science,ABC Science Online,19.01.2009,https://www.abc.net.au/science/articles/2009/01/19/2469256.htm
Where to smoke at US airports,,21.01.2009,https://abcnews.go.com/Travel/AroundTheWorld/story?id=6694053&page=1
Man who lived in airport for three months returns home,,12.01.2009,https://www.telegraph.co.uk/news/newstopics/howaboutthat/4225294/Man-who-lived-in-airport-for-three-months-returns-home.html
AirAsia looks to build own airports,Financial Times,16.01.2009,https://www.ft.com/content/9f54cb7e-e3f4-11dd-8274-0000779fd2ac
Heathrow chaos as runway activists stage airport 'flash mob ...,Daily Mail,17.01.2009,https://www.dailymail.co.uk/news/article-1120604/Heathrow-chaos-runway-activists-stage-airport-flash-mob-protest.html
Iraqi Gets $240000 Settlement in T-Shirt Incident at U.S. Airport,New York Times,07.01.2009,https://www.nytimes.com/2009/01/08/us/08arabic.html
Johnny Knoxville held over 'fake grenade' at Los Angeles airport,Telegraph.co.uk,16.01.2009,https://www.telegraph.co.uk/news/celebritynews/4251109/Johnny-Knoxville-held-over-fake-grenade-at-Los-Angeles-airport.html
Airbus A380 is a mixed blessing for LAX,Los Angeles Times,25.01.2009,https://www.latimes.com/archives/la-xpm-2009-jan-25-me-airbus25-story.html
Both Engines Missing From Airliner,New York Times,16.01.2009,https://www.nytimes.com/2009/01/17/nyregion/17inquire.html
Commercial operations to close at Palmdale Regional Airport,Los Angeles Times,27.01.2009,https://www.latimes.com/archives/la-xpm-2009-jan-27-me-palmdale27-story.html
Bird strikes common risk for aircraft › News in Science,ABC Science Online,19.01.2009,https://www.abc.net.au/science/articles/2009/01/19/2469256.htm
Where to smoke at US airports,,21.01.2009,https://abcnews.go.com/Travel/AroundTheWorld/story?id=6694053&page=1
Man who lived in airport for three months returns home,,12.01.2009,https://www.telegraph.co.uk/news/newstopics/howaboutthat/4225294/Man-who-lived-in-airport-for-three-months-returns-home.html
AirAsia looks to build own airports,Financial Times,16.01.2009,https://www.ft.com/content/9f54cb7e-e3f4-11dd-8274-0000779fd2ac
London Heathrow's third runway; never let the facts get in the ...,anna.aero - Airline network news & analysis,23.01.2009,https://www.anna.aero/2009/01/23/london-heathrows-third-runway/
London Heathrow's third runway; never let the facts get in the ...,anna.aero - Airline network news & analysis,23.01.2009,https://www.anna.aero/2009/01/23/london-heathrows-third-runway/
Use Otalo To Search For Vacation Rentals,TechCrunch,06.01.2009,https://techcrunch.com/2009/01/06/use-otalo-to-search-for-vacation-rentals/
Time-Share Web Sites Make It Easier to Find Vacation Rentals,New York Times,22.01.2009,https://www.nytimes.com/2009/01/23/greathomesanddestinations/23timeshare.html
Changes to staff vacation-accrual policy,,14.01.2009,https://news.stanford.edu/news/2009/january14/timeoff-011409.html
PHOTO: Check Out Mischa Barton's Indian Vacation,People Magazine,08.01.2009,https://people.com/celebrity/photo-check-out-mischa-bartons-indian-vacation/
Try a house exchange on your next vacation,San Francisco Chronicle,21.01.2009,https://www.sfgate.com/homeandgarden/article/Try-a-house-exchange-on-your-next-vacation-3175773.php
Luxury vacation club is financially threadbare,,25.01.2009,https://www.startribune.com/eden-prairie-based-luxe-vacation-club-is-financially-threadbare/38244659/
No Home for Squares,New York Times,15.01.2009,https://www.nytimes.com/2009/01/16/greathomesanddestinations/16Away.html
Hugs and kisses for Richard as he enjoys a family holiday,hellomagazine.com,05.01.2009,https://www.hellomagazine.com/film/2009/01/05/gere-family-barths/
Interval and Starwood (HOT) Vacation Ownership Renew ...,,26.01.2009,https://www.streetinsider.com/Corporate+News/Interval+and+Starwood+%28HOT%29+Vacation+Ownership+Renew+Affiliation+Agreement/4328638.html
Britneys not welcome: Holiday firm under fire after advertising ...,Daily Mail,26.01.2009,https://www.dailymail.co.uk/news/article-1127862/Chav-free-holiday-firm-boast-middle-class-customers-wont-meet-Britneys-Chardonnays.html
Use Otalo To Search For Vacation Rentals,TechCrunch,06.01.2009,https://techcrunch.com/2009/01/06/use-otalo-to-search-for-vacation-rentals/
Time-Share Web Sites Make It Easier to Find Vacation Rentals,New York Times,22.01.2009,https://www.nytimes.com/2009/01/23/greathomesanddestinations/23timeshare.html
Changes to staff vacation-accrual policy,,14.01.2009,https://news.stanford.edu/news/2009/january14/timeoff-011409.html
PHOTO: Check Out Mischa Barton's Indian Vacation,People Magazine,08.01.2009,https://people.com/celebrity/photo-check-out-mischa-bartons-indian-vacation/
Try a house exchange on your next vacation,San Francisco Chronicle,21.01.2009,https://www.sfgate.com/homeandgarden/article/Try-a-house-exchange-on-your-next-vacation-3175773.php
Luxury vacation club is financially threadbare,,25.01.2009,https://www.startribune.com/eden-prairie-based-luxe-vacation-club-is-financially-threadbare/38244659/
No Home for Squares,New York Times,15.01.2009,https://www.nytimes.com/2009/01/16/greathomesanddestinations/16Away.html
Hugs and kisses for Richard as he enjoys a family holiday,hellomagazine.com,05.01.2009,https://www.hellomagazine.com/film/2009/01/05/gere-family-barths/
Interval and Starwood (HOT) Vacation Ownership Renew ...,,26.01.2009,https://www.streetinsider.com/Corporate+News/Interval+and+Starwood+%28HOT%29+Vacation+Ownership+Renew+Affiliation+Agreement/4328638.html
Britneys not welcome: Holiday firm under fire after advertising ...,Daily Mail,26.01.2009,https://www.dailymail.co.uk/news/article-1127862/Chav-free-holiday-firm-boast-middle-class-customers-wont-meet-Britneys-Chardonnays.html
Spain 2009: summer holiday planning guide - Telegraph,Telegraph.co.uk,08.01.2009,https://www.telegraph.co.uk/travel/destinations/europe/spain/4159582/Spain-2009-summer-holiday-planning-guide.html
Pontin's Norfolk holiday park forced to close,Telegraph.co.uk,06.01.2009,https://www.telegraph.co.uk/travel/travelnews/4142363/Pontins-Norfolk-holiday-park-forced-to-close.html
WA residents get extra holiday for Anzac Day,WA today,15.01.2009,https://www.watoday.com.au/national/western-australia/wa-residents-get-extra-holiday-for-anzac-day-20090115-7hct.html
Splashing out after your exams,,24.01.2009,https://www.irishtimes.com/life-and-style/travel/splashing-out-after-your-exams-1.1236776
You will go on holiday BMW tells workers,Swindon Advertiser,15.01.2009,https://www.swindonadvertiser.co.uk/news/4047934.you-will-go-on-holiday-bmw-tells-workers/
BBC NEWS | Asia-Pacific | China's holiday rush begins early,BBC News,07.01.2009,http://news.bbc.co.uk/2/hi/asia-pacific/7813267.stm
Holiday toll 24  six more than last year,,05.01.2009,https://www.nzherald.co.nz/nz/news/article.cfm?c_id=1&objectid=10550575
UK : An Insider's Guide to eco holidays,Telegraph.co.uk,26.01.2009,https://www.telegraph.co.uk/travel/destinations/europe/uk/4324114/UK-An-Insiders-Guide-to-eco-holidays.html
Practice over holidays gets board approval,Denver Post,22.01.2009,https://www.denverpost.com/2009/01/22/practice-over-holidays-gets-board-approval/
Business attacks ruling on holidays,Financial Times,20.01.2009,https://www.ft.com/content/af3bddfc-e71e-11dd-aef2-0000779fd2ac
Spain 2009: summer holiday planning guide - Telegraph,Telegraph.co.uk,08.01.2009,https://www.telegraph.co.uk/travel/destinations/europe/spain/4159582/Spain-2009-summer-holiday-planning-guide.html
Pontin's Norfolk holiday park forced to close,Telegraph.co.uk,06.01.2009,https://www.telegraph.co.uk/travel/travelnews/4142363/Pontins-Norfolk-holiday-park-forced-to-close.html
WA residents get extra holiday for Anzac Day,WA today,15.01.2009,https://www.watoday.com.au/national/western-australia/wa-residents-get-extra-holiday-for-anzac-day-20090115-7hct.html
Splashing out after your exams,,24.01.2009,https://www.irishtimes.com/life-and-style/travel/splashing-out-after-your-exams-1.1236776
You will go on holiday BMW tells workers,Swindon Advertiser,15.01.2009,https://www.swindonadvertiser.co.uk/news/4047934.you-will-go-on-holiday-bmw-tells-workers/
BBC NEWS | Asia-Pacific | China's holiday rush begins early,BBC News,07.01.2009,http://news.bbc.co.uk/2/hi/asia-pacific/7813267.stm
Holiday toll 24  six more than last year,,05.01.2009,https://www.nzherald.co.nz/nz/news/article.cfm?c_id=1&objectid=10550575
UK : An Insider's Guide to eco holidays,Telegraph.co.uk,26.01.2009,https://www.telegraph.co.uk/travel/destinations/europe/uk/4324114/UK-An-Insiders-Guide-to-eco-holidays.html
Practice over holidays gets board approval,Denver Post,22.01.2009,https://www.denverpost.com/2009/01/22/practice-over-holidays-gets-board-approval/
Business attacks ruling on holidays,Financial Times,20.01.2009,https://www.ft.com/content/af3bddfc-e71e-11dd-aef2-0000779fd2ac
Term for delivery of third airplane by Wizz Air Ukraine to ...,Kyiv Post,03.02.2009,https://www.kyivpost.com/business/34753
What Happens When an Airplane Engine Blade Gets Loose,Gizmodo.com,09.02.2009,https://gizmodo.com/what-happens-when-an-airplane-engine-blade-gets-loose-5149413
Why Can't We Use Cell Phones On Planes?,,08.02.2009,https://abcnews.go.com/Technology/AheadoftheCurve/story?id=6833039&page=1
50 Killed as Plane Hits House Near Buffalo,New York Times,13.02.2009,https://www.nytimes.com/2009/02/13/nyregion/13crash.html
NTSB Releases Preliminary Report on Plane vs. Jeep Crash,,11.02.2009,https://www.wctv.tv/home/headlines/39428717.html
'Your crime ... has no name': The bombing of Flight 108,Canada.com,23.02.2009,http://www.canada.com/your+crime+name+bombing+flight/1320228/story.html
Man Who Faked His Death Ordered to Pay Millions in Fraud Suit,findingDulcinea,06.02.2009,http://www.findingdulcinea.com/news/Americas/2009/feb/Man-Who-Faked-His-Death-Ordered-to-Pay-Millions-in-Fraud-Suit.html
‘The other’ 1950s airplane crash,Mason City Globe Gazette,08.02.2009,https://globegazette.com/news/local/the-other-1950s-airplane-crash/article_cd0e9afa-56ce-5f39-9e53-cccb05d0de32.html
Flight 1549 Pilot Tells of Terror and Intense Focus,,08.02.2009,https://www.nytimes.com/2009/02/09/nyregion/09interview.html
UPS Slowing Airplane Deliveries?,Seeking Alpha,05.02.2009,https://seekingalpha.com/article/118611-ups-slowing-airplane-deliveries
Term for delivery of third airplane by Wizz Air Ukraine to ...,Kyiv Post,03.02.2009,https://www.kyivpost.com/business/34753
What Happens When an Airplane Engine Blade Gets Loose,Gizmodo.com,09.02.2009,https://gizmodo.com/what-happens-when-an-airplane-engine-blade-gets-loose-5149413
Why Can't We Use Cell Phones On Planes?,,08.02.2009,https://abcnews.go.com/Technology/AheadoftheCurve/story?id=6833039&page=1
50 Killed as Plane Hits House Near Buffalo,New York Times,13.02.2009,https://www.nytimes.com/2009/02/13/nyregion/13crash.html
NTSB Releases Preliminary Report on Plane vs. Jeep Crash,,11.02.2009,https://www.wctv.tv/home/headlines/39428717.html
'Your crime ... has no name': The bombing of Flight 108,Canada.com,23.02.2009,http://www.canada.com/your+crime+name+bombing+flight/1320228/story.html
Man Who Faked His Death Ordered to Pay Millions in Fraud Suit,findingDulcinea,06.02.2009,http://www.findingdulcinea.com/news/Americas/2009/feb/Man-Who-Faked-His-Death-Ordered-to-Pay-Millions-in-Fraud-Suit.html
‘The other’ 1950s airplane crash,Mason City Globe Gazette,08.02.2009,https://globegazette.com/news/local/the-other-1950s-airplane-crash/article_cd0e9afa-56ce-5f39-9e53-cccb05d0de32.html
Flight 1549 Pilot Tells of Terror and Intense Focus,,08.02.2009,https://www.nytimes.com/2009/02/09/nyregion/09interview.html
UPS Slowing Airplane Deliveries?,Seeking Alpha,05.02.2009,https://seekingalpha.com/article/118611-ups-slowing-airplane-deliveries
CIA warns terrorists targeting German vote,The Local - Hamburg,02.02.2009,https://www.thelocal.de/20090202/17149
Fifty years ago  landmark gatherings lifted Baha'i world,Baha'i World News Service,10.02.2009,https://news.bahai.org/story/693
REPORT: Faster Ferrari F450 foretold for Frankfurt in fall,Autoblog,13.02.2009,https://www.autoblog.com/2009/02/13/report-faster-ferrari-f450-foretold-for-frankfurt-in-fall/
The State's Silent Takeover: Germany's Big Banking Bailout,Spiegel Online,02.02.2009,https://www.spiegel.de/international/business/the-state-s-silent-takeover-germany-s-big-banking-bailout-a-605044.html
Unrepentant and Telling of Horrors Untellable: 'The Kindly Ones' by Jonathan Littell,New York Times,23.02.2009,https://www.nytimes.com/2009/02/24/books/24kaku.html
Hacker: Angriff auf Schäubles Homepage,FOCUS Online,11.02.2009,https://www.focus.de/digital/internet/hacker-angriff-auf-schaeubles-homepage_aid_370096.html
Spy Shots: Ferrari F450 prototype widened and scooped,Autoblog,27.02.2009,https://www.autoblog.com/2009/02/27/spy-shots-ferrari-f450-prototype-widen-and-scooped/
World's youngest sex-change operation,,04.02.2009,https://www.telegraph.co.uk/news/worldnews/europe/germany/4511986/Worlds-youngest-sex-change-operation.html
We are Ashamed!,,04.02.2009,http://iranpresswatch.org/post/998/we-are-ashamed/
Headscarf thief strikes in London,Telegraph.co.uk,06.02.2009,https://www.telegraph.co.uk/news/uknews/law-and-order/4536871/Headscarf-thief-strikes-in-London.html
CIA warns terrorists targeting German vote,The Local - Hamburg,02.02.2009,https://www.thelocal.de/20090202/17149
Fifty years ago  landmark gatherings lifted Baha'i world,Baha'i World News Service,10.02.2009,https://news.bahai.org/story/693
REPORT: Faster Ferrari F450 foretold for Frankfurt in fall,Autoblog,13.02.2009,https://www.autoblog.com/2009/02/13/report-faster-ferrari-f450-foretold-for-frankfurt-in-fall/
The State's Silent Takeover: Germany's Big Banking Bailout,Spiegel Online,02.02.2009,https://www.spiegel.de/international/business/the-state-s-silent-takeover-germany-s-big-banking-bailout-a-605044.html
Unrepentant and Telling of Horrors Untellable: 'The Kindly Ones' by Jonathan Littell,New York Times,23.02.2009,https://www.nytimes.com/2009/02/24/books/24kaku.html
Hacker: Angriff auf Schäubles Homepage,FOCUS Online,11.02.2009,https://www.focus.de/digital/internet/hacker-angriff-auf-schaeubles-homepage_aid_370096.html
Spy Shots: Ferrari F450 prototype widened and scooped,Autoblog,27.02.2009,https://www.autoblog.com/2009/02/27/spy-shots-ferrari-f450-prototype-widen-and-scooped/
World's youngest sex-change operation,,04.02.2009,https://www.telegraph.co.uk/news/worldnews/europe/germany/4511986/Worlds-youngest-sex-change-operation.html
We are Ashamed!,,04.02.2009,http://iranpresswatch.org/post/998/we-are-ashamed/
Headscarf thief strikes in London,Telegraph.co.uk,06.02.2009,https://www.telegraph.co.uk/news/uknews/law-and-order/4536871/Headscarf-thief-strikes-in-London.html
Toshiba buys Fujitsu HDD business,IT PRO,18.02.2009,https://www.itpro.co.uk/609915/toshiba-buys-fujitsu-hdd-business
BBC NEWS | Business | Businesses counting cost of snow,BBC News,03.02.2009,http://news.bbc.co.uk/2/hi/business/7864804.stm
The Big Stimulus: What's in it for Small Business?,,03.02.2009,https://www.inc.com/articles/2009/02/stimulus.html
Study: Business students cheat more often than others,,11.02.2009,https://badgerherald.com/news/2009/02/11/study-business-stude/
Management metaphors are out for the count,Financial Times,01.03.2009,https://www.ft.com/content/040cfe6a-04ed-11de-8166-000077b07658
Head of Business News Leaving CNBC,CNBC,03.02.2009,https://www.cnbc.com/id/28995106
Is Your Business Idea Protected?,,16.02.2009,https://www.entrepreneur.com/article/200168
First Costco Business Center in Las Vegas opens,Las Vegas Sun,20.02.2009,https://lasvegassun.com/news/2009/feb/20/first-costco-business-center-las-vegas-opens/
L.A.'s business improvement districts help reduce crime  study finds,Los Angeles Times,20.02.2009,https://www.latimes.com/archives/la-xpm-2009-feb-20-me-bids-crime20-story.html
Longer notice now needed for layoffs in NY,,01.02.2009,https://www.crainsnewyork.com/article/20090202/SMALLBIZ/902029974/longer-notice-now-needed-for-layoffs-in-ny
Toshiba buys Fujitsu HDD business,IT PRO,18.02.2009,https://www.itpro.co.uk/609915/toshiba-buys-fujitsu-hdd-business
BBC NEWS | Business | Businesses counting cost of snow,BBC News,03.02.2009,http://news.bbc.co.uk/2/hi/business/7864804.stm
The Big Stimulus: What's in it for Small Business?,,03.02.2009,https://www.inc.com/articles/2009/02/stimulus.html
Study: Business students cheat more often than others,,11.02.2009,https://badgerherald.com/news/2009/02/11/study-business-stude/
Management metaphors are out for the count,Financial Times,01.03.2009,https://www.ft.com/content/040cfe6a-04ed-11de-8166-000077b07658
Head of Business News Leaving CNBC,CNBC,03.02.2009,https://www.cnbc.com/id/28995106
Is Your Business Idea Protected?,,16.02.2009,https://www.entrepreneur.com/article/200168
First Costco Business Center in Las Vegas opens,Las Vegas Sun,20.02.2009,https://lasvegassun.com/news/2009/feb/20/first-costco-business-center-las-vegas-opens/
L.A.'s business improvement districts help reduce crime  study finds,Los Angeles Times,20.02.2009,https://www.latimes.com/archives/la-xpm-2009-feb-20-me-bids-crime20-story.html
Longer notice now needed for layoffs in NY,,01.02.2009,https://www.crainsnewyork.com/article/20090202/SMALLBIZ/902029974/longer-notice-now-needed-for-layoffs-in-ny
Book Review | 'Lords of Finance: The Bankers Who Broke the World ' by Liaquat Ahamed,New York Times,13.02.2009,https://www.nytimes.com/2009/02/15/books/review/Nocera-t.html
Pharaoh capitalism,Economist,12.02.2009,https://www.economist.com/finance-and-economics/2009/02/12/pharaoh-capitalism
Haring away,Economist,26.02.2009,https://www.economist.com/finance-and-economics/2009/02/26/haring-away
Finance reports shed light on top campaign spenders,,03.02.2009,https://www.sfgate.com/bayarea/article/Finance-reports-shed-light-on-top-campaign-3252356.php
Recipe for Disaster: The Formula That Killed Wall Street,Wired News,23.02.2009,https://www.wired.com/2009/02/wp-quant/
Let banks fail  says Nobel economist Joseph Stiglitz,Telegraph.co.uk,02.02.2009,https://www.telegraph.co.uk/finance/newsbysector/banksandfinance/4424418/Let-banks-fail-says-Nobel-economist-Joseph-Stiglitz.html
Harvard: the Inside Story of Its Finance Meltdown,Forbes,26.02.2009,https://www.forbes.com/forbes/2009/0316/080_harvard_finance_meltdown.html
Who pays for the Fund and the Bank?,,16.02.2009,https://www.brettonwoodsproject.org/2009/02/art-563643/
Financial Crisis—Spiritual Opportunity? - Money & Personal ...,Chabad.org,27.01.2018,https://www.chabad.org/library/article_cdo/aid/822967/jewish/Financial-CrisisSpiritual-Opportunity.htm
Hillary Clinton pleads with China to buy US Treasuries as ...,,22.02.2009,https://www.telegraph.co.uk/finance/financialcrisis/4782755/Hillary-Clinton-pleads-with-China-to-buy-US-Treasuries-as-Japan-looks-on.html
Book Review | 'Lords of Finance: The Bankers Who Broke the World ' by Liaquat Ahamed,New York Times,13.02.2009,https://www.nytimes.com/2009/02/15/books/review/Nocera-t.html
Pharaoh capitalism,Economist,12.02.2009,https://www.economist.com/finance-and-economics/2009/02/12/pharaoh-capitalism
Haring away,Economist,26.02.2009,https://www.economist.com/finance-and-economics/2009/02/26/haring-away
Finance reports shed light on top campaign spenders,,03.02.2009,https://www.sfgate.com/bayarea/article/Finance-reports-shed-light-on-top-campaign-3252356.php
Recipe for Disaster: The Formula That Killed Wall Street,Wired News,23.02.2009,https://www.wired.com/2009/02/wp-quant/
Let banks fail  says Nobel economist Joseph Stiglitz,Telegraph.co.uk,02.02.2009,https://www.telegraph.co.uk/finance/newsbysector/banksandfinance/4424418/Let-banks-fail-says-Nobel-economist-Joseph-Stiglitz.html
Harvard: the Inside Story of Its Finance Meltdown,Forbes,26.02.2009,https://www.forbes.com/forbes/2009/0316/080_harvard_finance_meltdown.html
Who pays for the Fund and the Bank?,,16.02.2009,https://www.brettonwoodsproject.org/2009/02/art-563643/
Financial Crisis—Spiritual Opportunity? - Money & Personal ...,Chabad.org,27.01.2018,https://www.chabad.org/library/article_cdo/aid/822967/jewish/Financial-CrisisSpiritual-Opportunity.htm
Hillary Clinton pleads with China to buy US Treasuries as ...,,22.02.2009,https://www.telegraph.co.uk/finance/financialcrisis/4782755/Hillary-Clinton-pleads-with-China-to-buy-US-Treasuries-as-Japan-looks-on.html
Economy in Worst Fall Since '82 - WSJ,Wall Street Journal,28.02.2009,https://www.wsj.com/articles/SB123574078772194361
Obama speech to Congress focuses on economy,CNN,24.02.2009,https://www.cnn.com/2009/POLITICS/02/24/sotn.obama.transcript/
Unions Are Good for the American Economy - Center for ...,American Progress Action Fund,18.02.2009,https://www.americanprogressaction.org/issues/economy/news/2009/02/18/5597/unions-are-good-for-the-american-economy-2/
Japan's Economy  The World's Second Largest  Plunges at Fastest Pace Since '74,,15.02.2009,https://www.nytimes.com/2009/02/16/business/worldbusiness/16yen.html
Taiwanese economy slumps into recession - CNN.com,CNN International,18.02.2009,http://edition.cnn.com/2009/BUSINESS/02/18/taiwan.economy.2008.q4/
Commentary: Libertarian ideas to stimulate economy,CNN,05.02.2009,https://www.cnn.com/2009/POLITICS/02/05/miron.libertarian.stimulus/index.html
Commentary: Stimulate the economy  not government,CNN,06.02.2009,https://www.cnn.com/2009/POLITICS/02/06/romney.stimulus/
Obama Signs Stimulus To Jump Start Economic Recovery,,17.02.2009,https://abcnews.go.com/Politics/Economy/story?id=6894750&page=1
Rising savings rate could cause problem for economy - Feb ...,CNNMoney.com,12.02.2009,https://money.cnn.com/2009/02/12/news/economy/savings_rate/index.htm
Neighborhood watches are on the front lines in bad economy,CNN,24.02.2009,https://www.cnn.com/2009/CRIME/02/24/neighborhood.watch.economy/index.html
Economy in Worst Fall Since '82 - WSJ,Wall Street Journal,28.02.2009,https://www.wsj.com/articles/SB123574078772194361
Obama speech to Congress focuses on economy,CNN,24.02.2009,https://www.cnn.com/2009/POLITICS/02/24/sotn.obama.transcript/
Unions Are Good for the American Economy - Center for ...,American Progress Action Fund,18.02.2009,https://www.americanprogressaction.org/issues/economy/news/2009/02/18/5597/unions-are-good-for-the-american-economy-2/
Japan's Economy  The World's Second Largest  Plunges at Fastest Pace Since '74,,15.02.2009,https://www.nytimes.com/2009/02/16/business/worldbusiness/16yen.html
Taiwanese economy slumps into recession - CNN.com,CNN International,18.02.2009,http://edition.cnn.com/2009/BUSINESS/02/18/taiwan.economy.2008.q4/
Commentary: Libertarian ideas to stimulate economy,CNN,05.02.2009,https://www.cnn.com/2009/POLITICS/02/05/miron.libertarian.stimulus/index.html
Commentary: Stimulate the economy  not government,CNN,06.02.2009,https://www.cnn.com/2009/POLITICS/02/06/romney.stimulus/
Obama Signs Stimulus To Jump Start Economic Recovery,,17.02.2009,https://abcnews.go.com/Politics/Economy/story?id=6894750&page=1
Rising savings rate could cause problem for economy - Feb ...,CNNMoney.com,12.02.2009,https://money.cnn.com/2009/02/12/news/economy/savings_rate/index.htm
Neighborhood watches are on the front lines in bad economy,CNN,24.02.2009,https://www.cnn.com/2009/CRIME/02/24/neighborhood.watch.economy/index.html
British rail fares ARE the most expensive in Europe with ...,Daily Mail,19.02.2009,https://www.dailymail.co.uk/news/article-1149482/British-rail-fares-ARE-expensive-Europe-passengers-paying-times-tickets.html
Passengers escape NT plane's water landing,ABC Online,06.02.2009,https://www.abc.net.au/news/2009-02-06/passengers-escape-nt-planes-water-landing/285884
Aeroflot says drunk pilot 'no big deal',,03.02.2009,https://www.telegraph.co.uk/news/worldnews/europe/russia/4448262/Aeroflot-says-drunk-pilot-no-big-deal.html
BBC NEWS | UK | England | Airport opens after runway crash,BBC News,14.02.2009,http://news.bbc.co.uk/2/hi/uk_news/england/7890006.stm
British tourists trapped as cruise ship runs aground in Antarctica,Telegraph.co.uk,18.02.2009,https://www.telegraph.co.uk/news/uknews/4686877/British-tourists-trapped-as-cruise-ship-runs-aground-in-Antarctica.html
Ryanair passengers may be charged to use the toilet,Daily Mail,27.02.2009,https://www.dailymail.co.uk/travel/article-1157022/Ryanair-passengers-charged-use-toilet.html
Passenger: People were 'flying' around the plane,CNN,20.02.2009,http://www.cnn.com/2009/WORLD/asiapcf/02/20/japan.flight.injuries/
City airport losing int'l passengers?,,02.02.2009,https://timesofindia.indiatimes.com/city/nagpur/City-airport-losing-intl-passengers/articleshow/4061520.cms
'Sully' Sullenberger Meets Grateful Passengers,,09.02.2009,https://abcnews.go.com/US/sully-sullenberger-meets-grateful-passengers/story?id=6834954
The final moments: Continental Flight 3407 rocked like roller ...,,16.02.2009,https://www.cleveland.com/nation/2009/02/the_final_moments_continental.html
British rail fares ARE the most expensive in Europe with ...,Daily Mail,19.02.2009,https://www.dailymail.co.uk/news/article-1149482/British-rail-fares-ARE-expensive-Europe-passengers-paying-times-tickets.html
Passengers escape NT plane's water landing,ABC Online,06.02.2009,https://www.abc.net.au/news/2009-02-06/passengers-escape-nt-planes-water-landing/285884
Aeroflot says drunk pilot 'no big deal',,03.02.2009,https://www.telegraph.co.uk/news/worldnews/europe/russia/4448262/Aeroflot-says-drunk-pilot-no-big-deal.html
BBC NEWS | UK | England | Airport opens after runway crash,BBC News,14.02.2009,http://news.bbc.co.uk/2/hi/uk_news/england/7890006.stm
British tourists trapped as cruise ship runs aground in Antarctica,Telegraph.co.uk,18.02.2009,https://www.telegraph.co.uk/news/uknews/4686877/British-tourists-trapped-as-cruise-ship-runs-aground-in-Antarctica.html
Ryanair passengers may be charged to use the toilet,Daily Mail,27.02.2009,https://www.dailymail.co.uk/travel/article-1157022/Ryanair-passengers-charged-use-toilet.html
Passenger: People were 'flying' around the plane,CNN,20.02.2009,http://www.cnn.com/2009/WORLD/asiapcf/02/20/japan.flight.injuries/
City airport losing int'l passengers?,,02.02.2009,https://timesofindia.indiatimes.com/city/nagpur/City-airport-losing-intl-passengers/articleshow/4061520.cms
'Sully' Sullenberger Meets Grateful Passengers,,09.02.2009,https://abcnews.go.com/US/sully-sullenberger-meets-grateful-passengers/story?id=6834954
The final moments: Continental Flight 3407 rocked like roller ...,,16.02.2009,https://www.cleveland.com/nation/2009/02/the_final_moments_continental.html
Turkish airliner crashes at Amsterdam airport  9 dead,Reuters,25.02.2009,https://www.reuters.com/article/us-crash-amsterdam/turkish-airliner-crashes-at-amsterdam-airport-9-dead-idUSTRE51O2J020090225
Pilots among 9 killed in crash of Turkish flight at Amsterdam airport,CBC.ca,Ausführlich · 25.02.2009,https://www.cbc.ca/news/world/pilots-among-9-killed-in-crash-of-turkish-flight-at-amsterdam-airport-1.780508
Nine killed as Turkish plane crashes near Amsterdam airport,CNN,Häufig zitiert · 25.02.2009,https://www.cnn.com/2009/WORLD/europe/02/25/turkish.plane.amsterdam/index.html
Plane crash lands at London City Airport,Telegraph.co.uk,14.02.2009,https://www.telegraph.co.uk/travel/travelnews/4617002/Plane-crash-lands-at-London-City-Airport.html
Smaller Planes Are Taking on a Bigger Share of the Skies,New York Times,14.02.2009,https://www.nytimes.com/2009/02/15/nyregion/15commuter.html
Passenger jet slips on to the grass at Heathrow as snow ...,Daily Mail,02.02.2009,https://www.dailymail.co.uk/news/article-1133782/Passenger-jet-slips-grass-Heathrow-snow-brings-chaos-Britains-airports.html
Man caught smuggling pigeons in his trousers,Telegraph.co.uk,03.02.2009,https://www.telegraph.co.uk/news/worldnews/australiaandthepacific/australia/4445669/Man-caught-smuggling-pigeons-in-his-trousers.html
Denver’s startling airport mustang stirs opposition,Denver Post,08.02.2009,https://www.denverpost.com/2009/02/08/denvers-startling-airport-mustang-stirs-opposition/
When Humans Need a Nudge Toward Rationality,New York Times,07.02.2009,https://www.nytimes.com/2009/02/08/business/08nudge.html
'This bike is a pipe bomb' band sticker clears Memphis terminal,,16.02.2009,https://www.cnn.com/2009/US/02/16/tenn.bike.bomb/index.html
Turkish airliner crashes at Amsterdam airport  9 dead,Reuters,25.02.2009,https://www.reuters.com/article/us-crash-amsterdam/turkish-airliner-crashes-at-amsterdam-airport-9-dead-idUSTRE51O2J020090225
Pilots among 9 killed in crash of Turkish flight at Amsterdam airport,CBC.ca,Ausführlich · 25.02.2009,https://www.cbc.ca/news/world/pilots-among-9-killed-in-crash-of-turkish-flight-at-amsterdam-airport-1.780508
Nine killed as Turkish plane crashes near Amsterdam airport,CNN,Häufig zitiert · 25.02.2009,https://www.cnn.com/2009/WORLD/europe/02/25/turkish.plane.amsterdam/index.html
Plane crash lands at London City Airport,Telegraph.co.uk,14.02.2009,https://www.telegraph.co.uk/travel/travelnews/4617002/Plane-crash-lands-at-London-City-Airport.html
Smaller Planes Are Taking on a Bigger Share of the Skies,New York Times,14.02.2009,https://www.nytimes.com/2009/02/15/nyregion/15commuter.html
Passenger jet slips on to the grass at Heathrow as snow ...,Daily Mail,02.02.2009,https://www.dailymail.co.uk/news/article-1133782/Passenger-jet-slips-grass-Heathrow-snow-brings-chaos-Britains-airports.html
Man caught smuggling pigeons in his trousers,Telegraph.co.uk,03.02.2009,https://www.telegraph.co.uk/news/worldnews/australiaandthepacific/australia/4445669/Man-caught-smuggling-pigeons-in-his-trousers.html
Denver’s startling airport mustang stirs opposition,Denver Post,08.02.2009,https://www.denverpost.com/2009/02/08/denvers-startling-airport-mustang-stirs-opposition/
When Humans Need a Nudge Toward Rationality,New York Times,07.02.2009,https://www.nytimes.com/2009/02/08/business/08nudge.html
'This bike is a pipe bomb' band sticker clears Memphis terminal,,16.02.2009,https://www.cnn.com/2009/US/02/16/tenn.bike.bomb/index.html
Do Experiences Or Material Goods Make Us Happier?,,24.02.2009,https://www.sciencedaily.com/releases/2009/02/090223221532.htm
Getting Homes Cleaned Between Rentals,New York Times,19.02.2009,https://www.nytimes.com/2009/02/20/greathomesanddestinations/20your.html
Embezzled funds from Ann Arbor hockey league spent on ...,,16.02.2009,https://www.mlive.com/news/ann-arbor/2009/02/embezzled_funds_from_ann_arbor.html
Few Buyers but Good Deals for Luxury Vacation Condos,New York Times,25.02.2009,https://www.nytimes.com/2009/02/26/your-money/26condos.html
With Deals for '09  Disney Is Making It Tougher to Say No,New York Times,19.02.2009,https://www.nytimes.com/2009/02/22/travel/22pracdisney.html
Houston Green Screen Takes the Entire Ronald McDonald ...,PR Web,15.02.2009,https://www.prweb.com/releases/2009/02/prweb2054664.htm
Women-Only Hotels Heat Up,Forbes,05.02.2009,https://www.forbes.com/2009/02/04/vacation-business-trip-women-travel_0205_hotel.html
Crested Butte  Colo.  a Resort Town as Base for a White-Collar Career,New York Times,05.02.2009,https://www.nytimes.com/2009/02/06/greathomesanddestinations/06crested.html
Missing teacher and student found in West Virginia,CNN,24.02.2009,http://www.cnn.com/2009/CRIME/02/24/teacher.mass/index.html
Michael Jackson's brother planning 'slavery theme park',Telegraph.co.uk,16.02.2009,https://www.telegraph.co.uk/news/worldnews/africaandindianocean/nigeria/4641578/Michael-Jacksons-brother-planning-slavery-theme-park.html
Do Experiences Or Material Goods Make Us Happier?,,24.02.2009,https://www.sciencedaily.com/releases/2009/02/090223221532.htm
Getting Homes Cleaned Between Rentals,New York Times,19.02.2009,https://www.nytimes.com/2009/02/20/greathomesanddestinations/20your.html
Embezzled funds from Ann Arbor hockey league spent on ...,,16.02.2009,https://www.mlive.com/news/ann-arbor/2009/02/embezzled_funds_from_ann_arbor.html
Few Buyers but Good Deals for Luxury Vacation Condos,New York Times,25.02.2009,https://www.nytimes.com/2009/02/26/your-money/26condos.html
With Deals for '09  Disney Is Making It Tougher to Say No,New York Times,19.02.2009,https://www.nytimes.com/2009/02/22/travel/22pracdisney.html
Houston Green Screen Takes the Entire Ronald McDonald ...,PR Web,15.02.2009,https://www.prweb.com/releases/2009/02/prweb2054664.htm
Women-Only Hotels Heat Up,Forbes,05.02.2009,https://www.forbes.com/2009/02/04/vacation-business-trip-women-travel_0205_hotel.html
Crested Butte  Colo.  a Resort Town as Base for a White-Collar Career,New York Times,05.02.2009,https://www.nytimes.com/2009/02/06/greathomesanddestinations/06crested.html
Missing teacher and student found in West Virginia,CNN,24.02.2009,http://www.cnn.com/2009/CRIME/02/24/teacher.mass/index.html
Michael Jackson's brother planning 'slavery theme park',Telegraph.co.uk,16.02.2009,https://www.telegraph.co.uk/news/worldnews/africaandindianocean/nigeria/4641578/Michael-Jacksons-brother-planning-slavery-theme-park.html
Ontario's Family Day Holiday: Can We Afford It?,,15.02.2009,https://www.wired.com/2009/02/ontarios-fami-2/
Agatha Christie's holiday home opens to the public,,23.02.2009,https://www.telegraph.co.uk/culture/books/4785905/Agatha-Christies-holiday-home-opens-to-the-public.html
Turkey 2009: summer holiday planning guide - Telegraph,Telegraph.co.uk,05.02.2009,https://www.telegraph.co.uk/travel/destinations/europe/turkey/4521313/Turkey-2009-summer-holiday-planning-guide.html
Gordon Brown's two-week Suffolk summer holiday cost ...,Daily Mail,03.02.2009,https://www.dailymail.co.uk/news/article-1134646/Gordon-Browns-week-Suffolk-summer-holiday-cost-taxpayer-160-000.html
Help us give Tamara her dream holiday,Basingstoke Gazette,14.02.2009,https://www.basingstokegazette.co.uk/news/4121079.help-us-give-tamara-her-dream-holiday/
Multi-million refurbishment unveiled for Brean Pontin's holiday ...,Burnham-On-Sea,03.02.2009,https://www.burnham-on-sea.com/news/pontins-brean-refurbishment-03-02-09/
'Jail is just like being on holiday': Killer boasts on Facebook ...,Daily Mail,16.02.2009,https://www.dailymail.co.uk/news/article-1146323/Jail-just-like-holiday-Killer-boasts-Facebook-prison-cell.html
Trail of the Unexpected: Agatha Christie's holiday home opens for guests,Independent,28.02.2009,https://www.independent.co.uk/travel/uk/trail-of-the-unexpected-agatha-christies-holiday-home-opens-for-guests-1633913.html
Reader's favourite holidays: what makes a perfect holiday ...,Telegraph.co.uk,08.02.2009,https://www.telegraph.co.uk/travel/4539042/Readers-favourite-holidays-what-makes-a-perfect-holiday.html
You can own a little bit of a good thing,Financial Times,13.02.2009,https://www.ft.com/content/f926924c-f9ff-11dd-9daa-000077b07658
Ontario's Family Day Holiday: Can We Afford It?,,15.02.2009,https://www.wired.com/2009/02/ontarios-fami-2/
Agatha Christie's holiday home opens to the public,,23.02.2009,https://www.telegraph.co.uk/culture/books/4785905/Agatha-Christies-holiday-home-opens-to-the-public.html
Turkey 2009: summer holiday planning guide - Telegraph,Telegraph.co.uk,05.02.2009,https://www.telegraph.co.uk/travel/destinations/europe/turkey/4521313/Turkey-2009-summer-holiday-planning-guide.html
Gordon Brown's two-week Suffolk summer holiday cost ...,Daily Mail,03.02.2009,https://www.dailymail.co.uk/news/article-1134646/Gordon-Browns-week-Suffolk-summer-holiday-cost-taxpayer-160-000.html
Help us give Tamara her dream holiday,Basingstoke Gazette,14.02.2009,https://www.basingstokegazette.co.uk/news/4121079.help-us-give-tamara-her-dream-holiday/
Multi-million refurbishment unveiled for Brean Pontin's holiday ...,Burnham-On-Sea,03.02.2009,https://www.burnham-on-sea.com/news/pontins-brean-refurbishment-03-02-09/
'Jail is just like being on holiday': Killer boasts on Facebook ...,Daily Mail,16.02.2009,https://www.dailymail.co.uk/news/article-1146323/Jail-just-like-holiday-Killer-boasts-Facebook-prison-cell.html
Trail of the Unexpected: Agatha Christie's holiday home opens for guests,Independent,28.02.2009,https://www.independent.co.uk/travel/uk/trail-of-the-unexpected-agatha-christies-holiday-home-opens-for-guests-1633913.html
Reader's favourite holidays: what makes a perfect holiday ...,Telegraph.co.uk,08.02.2009,https://www.telegraph.co.uk/travel/4539042/Readers-favourite-holidays-what-makes-a-perfect-holiday.html
You can own a little bit of a good thing,Financial Times,13.02.2009,https://www.ft.com/content/f926924c-f9ff-11dd-9daa-000077b07658
